{
    "activation_dim": 512,
    "dict_size": 4096,
    "device": "cuda",
    "layer": -1,
    "lm_name": "CLIP",
    "k": 140,
    "dead_feature_threshold": 400000,
    "decay_start": 6500,
    "k_anneal_steps": 1600,
    "lr": 0.0006,
    "warmup_steps": 1900,
    "group_fractions": [
        0.015625,
        0.03125,
        0.0625,
        0.125,
        0.25,
        0.515625
    ]
}